certified,final_cc_cname_DI,course_name,grade,nevents,ndays_act,nplay_video,nchapters,nforum_posts
0,Australia,Circuits & Electronics,0.03247787610619469,503.1592920353982,6.539823008849558,71.03539823008849,3.424778761061947,0.0
0,Australia,Electricity & Magnetism,0.011237113402061856,414.9587628865979,6.597938144329897,55.134020618556704,3.577319587628866,0.0
0,Australia,Elements of structures,0.125,1512.5,13.5,102.0,5.0,0.0
0,Australia,Health in Numbers,0.05417322834645663,705.8818897637796,7.216535433070866,125.12992125984252,3.984251968503937,0.0
0,Australia,Human Health & Global Environmental  Change,0.024272727272727272,184.3,3.5454545454545454,16.072727272727274,2.309090909090909,0.0
0,Australia,Intro to Biology,0.03154929577464789,602.2676056338029,7.295774647887324,94.04225352112677,3.2535211267605635,0.0
0,Australia,Intro to CS & Programming,0.02028716216216212,491.4932432432432,6.569256756756757,54.4222972972973,3.0945945945945947,0.0
0,Australia,Intro to Solid State Chemistry,0.03904761904761904,610.2857142857143,6.777777777777778,68.52380952380952,3.3015873015873014,0.0
0,Australia,Mechanics ReView,0.31,2997.0,27.0,14.0,24.0,0.0
0,Australia,The Challenges of Global Poverty,0.04375722543352599,401.9017341040462,5.543352601156069,58.08670520231214,2.3641618497109826,0.0
0,Bangladesh,Circuits & Electronics,0.01632478632478633,442.5897435897436,6.794871794871795,62.64957264957265,3.299145299145299,0.0
0,Bangladesh,Electricity & Magnetism,0.008720930232558141,411.0,6.72093023255814,46.75581395348837,3.558139534883721,0.0
0,Bangladesh,Health in Numbers,0.05565217391304349,671.1739130434783,8.130434782608695,34.78260869565217,3.869565217391304,0.0
0,Bangladesh,Human Health & Global Environmental  Change,0.01,153.05714285714285,4.142857142857143,18.714285714285715,2.0285714285714285,0.0
0,Bangladesh,Intro to Biology,0.05600000000000001,288.2,5.0,19.2,3.6,0.0
0,Bangladesh,Intro to CS & Programming,0.01081730769230769,374.53846153846155,6.9326923076923075,43.21153846153846,3.5625,0.014423076923076924
0,Bangladesh,Intro to Solid State Chemistry,0.01,448.1666666666667,6.166666666666667,36.0,5.0,0.0
0,Bangladesh,Mechanics ReView,0.2,3263.0,31.0,5.0,26.0,0.0
0,Bangladesh,The Challenges of Global Poverty,0.04000000000000001,540.0322580645161,7.806451612903226,35.74193548387097,3.838709677419355,0.0
0,Brazil,Circuits & Electronics,0.02974767596281541,658.0730411686587,8.296148738379815,95.95883134130146,3.7038512616201857,0.01593625498007968
0,Brazil,Electricity & Magnetism,0.015166666666666656,600.0685185185185,7.392592592592592,104.16666666666667,3.724074074074074,0.025925925925925925
0,Brazil,Elements of structures,0.03933333333333331,682.0388888888889,8.744444444444444,85.28888888888889,3.0166666666666666,0.016666666666666666
0,Brazil,Health in Numbers,0.028676171079429703,558.9164969450102,6.097759674134419,99.85947046843177,2.989816700610998,0.0
0,Brazil,Human Health & Global Environmental  Change,0.030728476821192032,267.341059602649,4.380794701986755,28.251655629139073,2.3675496688741724,0.0
0,Brazil,Intro to Biology,0.027017543859649117,621.0921052631579,7.609649122807017,119.64035087719299,3.3552631578947367,0.0
0,Brazil,Intro to CS & Programming,0.01599479166666675,472.3755208333333,6.271354166666667,62.4171875,2.9171875,0.00625
0,Brazil,Intro to Solid State Chemistry,0.017919799498746867,431.30075187969925,5.646616541353383,68.71428571428571,2.5213032581453634,0.0
0,Brazil,Mechanics ReView,0.10875,2633.125,21.0,14.25,19.375,0.0
0,Brazil,The Challenges of Global Poverty,0.024590909090909083,364.6318181818182,5.4772727272727275,49.222727272727276,2.040909090909091,0.0
0,Canada,Circuits & Electronics,0.017070312499999997,465.51171875,6.9609375,66.76953125,3.38671875,0.0078125
0,Canada,Electricity & Magnetism,0.012980392156862747,500.8,6.8352941176470585,74.8078431372549,3.6862745098039214,0.00784313725490196
0,Canada,Elements of structures,0.04147058823529412,643.9411764705883,9.117647058823529,96.26470588235294,3.7941176470588234,0.0
0,Canada,Health in Numbers,0.07356932153392333,917.7345132743363,9.117994100294986,147.24483775811208,4.404129793510324,0.0
0,Canada,Human Health & Global Environmental  Change,0.04155303030303029,260.9810606060606,4.443181818181818,24.765151515151516,2.2613636363636362,0.0
0,Canada,Intro to Biology,0.03181208053691275,773.6577181208054,9.577181208053691,104.45637583892618,4.154362416107382,0.10067114093959731
0,Canada,Intro to CS & Programming,0.02272502064409591,621.1635012386457,7.193228736581338,69.96118909991742,3.338563170933113,0.012386457473162676
0,Canada,Intro to Solid State Chemistry,0.020833333333333332,445.287037037037,5.87037037037037,53.22222222222222,2.7962962962962963,0.0
0,Canada,Mechanics ReView,0.1775,2816.25,18.375,8.0,16.5,0.0
0,Canada,The Challenges of Global Poverty,0.036485355648535556,332.3765690376569,5.046025104602511,38.10460251046025,2.2552301255230125,0.0
0,China,Circuits & Electronics,0.010327868852459019,347.27868852459017,7.114754098360656,50.377049180327866,3.721311475409836,0.0
0,China,Electricity & Magnetism,0.017272727272727273,299.3090909090909,6.672727272727273,33.654545454545456,3.690909090909091,0.0
0,China,Elements of structures,0.0,48.5,3.0,3.0,2.5,0.0
0,China,Health in Numbers,0.16833333333333333,1313.5833333333333,16.083333333333332,28.0,6.666666666666667,0.0
0,China,Human Health & Global Environmental  Change,0.025714285714285714,317.0,4.714285714285714,17.857142857142858,2.2857142857142856,0.0
0,China,Intro to Biology,0.02541666666666667,631.1666666666666,10.458333333333334,77.08333333333333,4.75,0.0
0,China,Intro to CS & Programming,0.017457627118644056,501.8474576271187,8.101694915254237,43.03954802259887,3.6836158192090394,0.0
0,China,Intro to Solid State Chemistry,0.013636363636363636,364.3636363636364,6.454545454545454,30.0,2.8181818181818183,0.0
0,China,The Challenges of Global Poverty,0.04,156.4,4.2,12.4,2.4,0.0
0,Colombia,Circuits & Electronics,0.05582677165354328,1051.7795275590552,11.035433070866143,128.1259842519685,4.94488188976378,0.015748031496062992
0,Colombia,Electricity & Magnetism,0.020084507042253515,822.0788732394366,9.467605633802817,128.45352112676056,4.326760563380281,0.036619718309859155
0,Colombia,Elements of structures,0.04042857142857144,623.1857142857143,8.371428571428572,65.5,3.4285714285714284,0.0
0,Colombia,Health in Numbers,0.06363207547169807,731.2594339622641,6.933962264150943,105.02830188679245,3.768867924528302,0.0
0,Colombia,Human Health & Global Environmental  Change,0.03333333333333333,334.125,5.25,50.885416666666664,2.2395833333333335,0.0
0,Colombia,Intro to Biology,0.019545454545454546,638.9772727272727,9.340909090909092,68.81818181818181,3.8636363636363638,0.11363636363636363
0,Colombia,Intro to CS & Programming,0.021742919389978157,859.3725490196078,8.714596949891067,87.61220043572985,3.4379084967320264,0.08714596949891068
0,Colombia,Intro to Solid State Chemistry,0.04254237288135593,801.5932203389831,9.830508474576272,97.61016949152543,3.3220338983050848,0.0
0,Colombia,Mechanics ReView,0.14250000000000002,2965.5,22.0,12.0,14.25,0.0
0,Colombia,The Challenges of Global Poverty,0.04767295597484274,475.2830188679245,6.062893081761007,55.138364779874216,2.647798742138365,0.0
0,Egypt,Circuits & Electronics,0.01360197368421052,449.20723684210526,6.776315789473684,96.82730263157895,3.2154605263157894,0.0
0,Egypt,Electricity & Magnetism,0.005043859649122806,244.98245614035088,4.947368421052632,44.06578947368421,2.8771929824561404,0.0
0,Egypt,Elements of structures,0.0044444444444444444,234.38888888888889,4.666666666666667,33.888888888888886,2.3333333333333335,0.0
0,Egypt,Health in Numbers,0.03320284697508896,673.8967971530249,7.284697508896797,156.26334519572953,3.608540925266904,0.005338078291814947
0,Egypt,Human Health & Global Environmental  Change,0.042830188679245276,352.37735849056605,4.962264150943396,79.94339622641509,2.30188679245283,0.0
0,Egypt,Intro to Biology,0.027633587786259534,559.7404580152672,6.99236641221374,81.10687022900764,3.0763358778625953,0.0
0,Egypt,Intro to CS & Programming,0.009783163265306106,403.41326530612247,5.826530612244898,72.42474489795919,2.8469387755102042,0.00510204081632653
0,Egypt,Intro to Solid State Chemistry,0.02915151515151515,485.6121212121212,5.787878787878788,88.97575757575757,2.8,0.0
0,Egypt,Mechanics ReView,0.1,1133.0,6.5,1.0,7.5,0.0
0,Egypt,The Challenges of Global Poverty,0.030000000000000006,449.0,5.7,78.5,3.3,0.0
0,France,Circuits & Electronics,0.01689075630252101,507.65546218487395,7.100840336134453,71.78151260504201,4.168067226890757,0.0
0,France,Electricity & Magnetism,0.011583333333333334,425.9166666666667,6.525,58.15833333333333,3.7083333333333335,0.0
0,France,Elements of structures,0.013333333333333334,447.8888888888889,6.666666666666667,68.55555555555556,3.4074074074074074,0.0
0,France,Health in Numbers,0.06067961165048543,885.6990291262136,8.689320388349515,156.18446601941747,4.281553398058253,0.0
0,France,Human Health & Global Environmental  Change,0.02842857142857143,207.54285714285714,3.742857142857143,28.042857142857144,2.5428571428571427,0.0
0,France,Intro to Biology,0.039411764705882354,660.1176470588235,9.27450980392157,75.3921568627451,4.764705882352941,0.0
0,France,Intro to CS & Programming,0.017585513078470793,513.6639839034206,6.225352112676056,65.29175050301811,3.2474849094567406,0.0
0,France,Intro to Solid State Chemistry,0.014523809523809524,369.0238095238095,5.857142857142857,66.78571428571429,3.261904761904762,0.0
0,France,The Challenges of Global Poverty,0.03970588235294116,372.22058823529414,5.137254901960785,51.88235294117647,2.5049019607843137,0.0
0,Germany,Circuits & Electronics,0.023562874251496998,638.3473053892216,7.529940119760479,98.68562874251496,3.8652694610778444,0.0
0,Germany,Electricity & Magnetism,0.012721311475409823,431.5016393442623,6.275409836065574,58.35409836065574,3.5475409836065572,0.0
0,Germany,Elements of structures,0.02658536585365854,645.2439024390244,5.780487804878049,99.92682926829268,3.2195121951219514,0.0
0,Germany,Health in Numbers,0.06748603351955303,858.340782122905,8.089385474860336,140.2513966480447,3.910614525139665,0.0
0,Germany,Human Health & Global Environmental  Change,0.03256097560975609,248.5650406504065,4.056910569105691,27.495934959349594,2.6178861788617884,0.0
0,Germany,Intro to Biology,0.031111111111111096,693.9565217391304,8.400966183574878,103.83091787439614,3.8550724637681157,0.024154589371980676
0,Germany,Intro to CS & Programming,0.023351409978308018,595.6681127982646,6.988069414316703,67.47830802603036,3.3969631236442517,0.004338394793926247
0,Germany,Intro to Solid State Chemistry,0.017652173913043478,373.6,5.7043478260869565,45.469565217391306,2.5652173913043477,0.0
0,Germany,Mechanics ReView,0.035,1392.0,8.5,8.0,6.5,0.0
0,Germany,The Challenges of Global Poverty,0.03696245733788393,331.50170648464166,4.320819112627986,39.10238907849829,2.1262798634812285,0.0
0,Greece,Circuits & Electronics,0.023333333333333327,606.869918699187,7.536585365853658,72.60975609756098,3.4471544715447155,0.0
0,Greece,Electricity & Magnetism,0.020561797752808992,706.1460674157304,7.904494382022472,107.06179775280899,4.03932584269663,0.02247191011235955
0,Greece,Elements of structures,0.07349999999999998,1447.15,12.85,156.05,3.95,0.0
0,Greece,Health in Numbers,0.06096153846153846,700.4615384615385,6.269230769230769,106.82692307692308,3.480769230769231,0.0
0,Greece,Human Health & Global Environmental  Change,0.06597560975609758,463.3780487804878,6.487804878048781,53.13414634146341,3.1341463414634148,0.0
0,Greece,Intro to Biology,0.074,1143.2333333333333,10.483333333333333,170.35,4.6,0.0
0,Greece,Intro to CS & Programming,0.030151515151515096,765.8636363636364,8.335858585858587,87.21717171717172,3.492424242424242,0.012626262626262626
0,Greece,Intro to Solid State Chemistry,0.06710526315789474,784.078947368421,7.578947368421052,107.89473684210526,3.6842105263157894,0.0
0,Greece,Mechanics ReView,0.25,1503.0,8.0,1.0,18.0,0.0
0,Greece,The Challenges of Global Poverty,0.055555555555555566,489.8611111111111,5.472222222222222,43.638888888888886,2.75,0.0
0,India,Circuits & Electronics,0.03464164374696657,521.0854230707006,6.968128134606051,74.99433748584372,3.824462061155153,0.049506552337809415
0,India,Electricity & Magnetism,0.022489282652186325,560.7216347527865,6.533009431266076,71.55844527007716,3.8468133752500715,0.04229779937124893
0,India,Elements of structures,0.030779753761969893,533.217510259918,7.488372093023256,74.63201094391245,3.500683994528044,0.049247606019151846
0,India,Health in Numbers,0.06744379985496728,755.4376359680929,8.054024655547499,136.97498187092097,4.343002175489485,0.09354604786076867
0,India,Human Health & Global Environmental  Change,0.03467640918580375,244.89665970772444,4.035490605427975,26.81419624217119,2.502087682672234,0.0
0,India,Intro to Biology,0.027669811320754734,512.5037735849056,6.947169811320754,66.44245283018869,3.621698113207547,0.13773584905660377
0,India,Intro to CS & Programming,0.021044489491091355,445.93886695828445,6.243145204310252,59.370532380241116,3.3535687613357514,0.07756321348554358
0,India,Intro to Solid State Chemistry,0.023337041156840942,313.6407119021135,4.725250278086763,35.41601779755284,2.8720800889877642,0.0
0,India,Mechanics ReView,0.1512345679012345,2366.222222222222,15.481481481481481,8.222222222222221,16.08641975308642,0.2345679012345679
0,India,The Challenges of Global Poverty,0.04003469210754553,342.88725065047703,4.888985255854293,45.28447528187338,2.3313096270598437,0.014744145706851692
0,Indonesia,Circuits & Electronics,0.005294117647058824,240.7058823529412,4.75,41.279411764705884,3.073529411764706,0.0
0,Indonesia,Electricity & Magnetism,0.014342105263157896,478.0,6.434210526315789,60.10526315789474,3.3684210526315788,0.0
0,Indonesia,Elements of structures,0.0,51.0,4.0,6.0,1.0,0.0
0,Indonesia,Health in Numbers,0.043396226415094316,677.6603773584906,7.031446540880503,155.51572327044025,4.314465408805032,0.0
0,Indonesia,Human Health & Global Environmental  Change,0.022967032967032966,222.5054945054945,4.43956043956044,26.813186813186814,2.318681318681319,0.0
0,Indonesia,Intro to Biology,0.011034482758620692,481.44827586206895,7.793103448275862,80.3103448275862,4.275862068965517,0.0
0,Indonesia,Intro to CS & Programming,0.014198473282442723,337.94910941475825,5.223918575063613,36.910941475826974,3.1374045801526718,0.0
0,Indonesia,Intro to Solid State Chemistry,0.09181818181818181,1081.909090909091,9.818181818181818,93.27272727272727,4.363636363636363,0.0
0,Indonesia,Mechanics ReView,0.21666666666666667,1499.0,9.666666666666666,2.3333333333333335,13.0,0.0
0,Indonesia,The Challenges of Global Poverty,0.028076923076923083,333.0128205128205,5.448717948717949,39.47435897435897,2.4743589743589745,0.0
0,Japan,Circuits & Electronics,0.02,557.1176470588235,8.941176470588236,42.705882352941174,4.235294117647059,0.0
0,Japan,Electricity & Magnetism,0.014705882352941176,356.9852941176471,5.573529411764706,39.338235294117645,3.0,0.0
0,Japan,Elements of structures,0.0,123.0,4.0,40.0,2.0,0.0
0,Japan,Health in Numbers,0.04272727272727273,1068.6666666666667,13.151515151515152,195.96969696969697,4.121212121212121,0.0
0,Japan,Human Health & Global Environmental  Change,0.012368421052631579,169.6315789473684,3.4473684210526314,31.210526315789473,2.3684210526315788,0.0
0,Japan,Intro to Biology,0.01606060606060606,388.45454545454544,5.2727272727272725,59.03030303030303,2.787878787878788,0.0
0,Japan,Intro to CS & Programming,0.020100502512562797,542.4371859296482,6.8542713567839195,78.87939698492463,3.3969849246231156,0.0
0,Japan,Intro to Solid State Chemistry,0.012352941176470589,464.5882352941176,6.470588235294118,53.1764705882353,2.9411764705882355,0.0
0,Japan,The Challenges of Global Poverty,0.022258064516129036,385.0,5.043010752688172,59.10752688172043,2.3870967741935485,0.0
0,Mexico,Circuits & Electronics,0.01643086816720257,556.1479099678456,7.263665594855305,90.2282958199357,3.2733118971061095,0.00964630225080386
0,Mexico,Electricity & Magnetism,0.01050980392156863,483.78823529411767,7.3843137254901965,75.12549019607843,3.392156862745098,0.043137254901960784
0,Mexico,Elements of structures,0.03263157894736842,508.94736842105266,8.052631578947368,60.473684210526315,3.1578947368421053,0.0
0,Mexico,Health in Numbers,0.051714285714285685,657.4857142857143,6.992857142857143,96.02142857142857,3.45,0.0
0,Mexico,Human Health & Global Environmental  Change,0.038938053097345125,284.6106194690266,5.353982300884955,35.10619469026549,2.4070796460176993,0.0
0,Mexico,Intro to Biology,0.03442028985507244,617.7753623188406,6.782608695652174,67.1304347826087,3.5434782608695654,0.0
0,Mexico,Intro to CS & Programming,0.020852713178294523,638.295865633075,8.011627906976743,81.3062015503876,3.317829457364341,0.029715762273901807
0,Mexico,Intro to Solid State Chemistry,0.03185185185185185,857.6543209876543,8.567901234567902,156.98765432098764,2.9753086419753085,0.0
0,Mexico,Mechanics ReView,0.185,2762.5,29.0,16.0,14.0,0.0
0,Mexico,The Challenges of Global Poverty,0.028130081300812997,357.2845528455285,4.967479674796748,43.60162601626016,2.113821138211382,0.0
0,Morocco,Circuits & Electronics,0.010041841004184097,227.71966527196653,4.309623430962343,37.60669456066945,2.99581589958159,0.0
0,Morocco,Electricity & Magnetism,0.00891304347826087,308.7391304347826,5.217391304347826,49.32608695652174,3.260869565217391,0.0
0,Morocco,Health in Numbers,0.124,586.2,5.2,45.8,4.0,0.0
0,Morocco,Human Health & Global Environmental  Change,0.005555555555555556,130.83333333333334,3.2222222222222223,20.11111111111111,1.8888888888888888,0.0
0,Morocco,Intro to CS & Programming,0.0041702741702741705,159.1976911976912,3.173160173160173,25.852813852813853,2.658008658008658,0.0
0,Morocco,Intro to Solid State Chemistry,0.012499999999999999,239.6875,4.25,13.875,2.625,0.0
0,Morocco,Mechanics ReView,0.02,408.0,5.0,6.0,11.0,0.0
0,Morocco,The Challenges of Global Poverty,0.07375000000000001,614.125,8.25,68.0,2.9375,0.0
0,Nigeria,Circuits & Electronics,0.0067701863354037274,379.9192546583851,6.683229813664596,66.75155279503106,3.3975155279503104,0.0
0,Nigeria,Electricity & Magnetism,0.0009375,268.5,5.03125,71.8125,3.125,0.0
0,Nigeria,Elements of structures,0.05222222222222222,1036.2222222222222,16.555555555555557,191.33333333333334,4.111111111111111,0.0
0,Nigeria,Health in Numbers,0.04275049115913557,598.7013752455796,8.070726915520629,159.56188605108056,3.8408644400785854,0.0
0,Nigeria,Human Health & Global Environmental  Change,0.023994778067885112,281.6396866840731,5.446475195822455,40.853785900783286,2.3159268929503916,0.0
0,Nigeria,Intro to Biology,0.0425,517.0833333333334,9.583333333333334,29.0,3.9583333333333335,0.0
0,Nigeria,Intro to CS & Programming,0.00835294117647057,376.9985294117647,6.395588235294118,80.42794117647058,3.0426470588235293,0.0
0,Nigeria,Intro to Solid State Chemistry,0.028431372549019607,382.45098039215685,7.019607843137255,59.01960784313726,2.980392156862745,0.0
0,Nigeria,Mechanics ReView,0.02,1636.0,13.0,6.0,12.0,0.0
0,Nigeria,The Challenges of Global Poverty,0.04051612903225805,448.3354838709677,5.980645161290322,60.87741935483871,2.535483870967742,0.0
0,Other Africa,Circuits & Electronics,0.014028892455858743,469.51524879614766,6.574638844301766,112.38202247191012,3.447833065810594,0.008025682182985553
0,Other Africa,Electricity & Magnetism,0.010114503816793895,359.206106870229,5.9961832061068705,57.97709923664122,3.133587786259542,0.0
0,Other Africa,Elements of structures,0.012586206896551728,385.67241379310343,6.017241379310345,65.01724137931035,3.293103448275862,0.0
0,Other Africa,Health in Numbers,0.061187263896384646,930.0399352401511,9.373988127361036,230.979492714517,4.560172692930383,0.08256880733944955
0,Other Africa,Human Health & Global Environmental  Change,0.028294209702660382,270.4037558685446,4.729264475743349,46.0,2.431924882629108,0.0
0,Other Africa,Intro to Biology,0.027534246575342463,509.5821917808219,7.664383561643835,77.78082191780823,3.6575342465753424,0.0
0,Other Africa,Intro to CS & Programming,0.008800773694390758,335.43288201160544,5.849129593810445,57.945454545454545,3.0294003868471955,0.018955512572533847
0,Other Africa,Intro to Solid State Chemistry,0.026687499999999996,547.45625,7.1625,66.04375,3.225,0.0
0,Other Africa,Mechanics ReView,0.09625,1970.375,15.375,12.375,15.75,0.0
0,Other Africa,The Challenges of Global Poverty,0.05155763239875395,485.196261682243,5.753894080996885,78.83177570093459,2.7149532710280373,0.00778816199376947
0,Other East Asia,Circuits & Electronics,0.013101265822784812,451.99367088607596,7.417721518987341,91.75949367088607,3.3734177215189876,0.0
0,Other East Asia,Electricity & Magnetism,0.011338582677165353,402.3070866141732,6.118110236220472,59.56692913385827,3.543307086614173,0.0
0,Other East Asia,Elements of structures,0.030000000000000002,445.0,8.5,78.125,2.75,0.0
0,Other East Asia,Health in Numbers,0.059137931034482755,869.9827586206897,9.655172413793103,169.82758620689654,4.5344827586206895,0.0
0,Other East Asia,Human Health & Global Environmental  Change,0.010412371134020621,152.71134020618555,3.9381443298969074,19.536082474226806,2.381443298969072,0.0
0,Other East Asia,Intro to Biology,0.01328947368421053,362.9868421052632,6.131578947368421,49.81578947368421,3.3552631578947367,0.0
0,Other East Asia,Intro to CS & Programming,0.011162361623616215,383.4870848708487,6.086715867158672,57.404059040590404,3.197416974169742,0.0
0,Other East Asia,Intro to Solid State Chemistry,0.019387755102040816,578.5714285714286,5.775510204081633,56.183673469387756,3.142857142857143,0.0
0,Other East Asia,Mechanics ReView,0.36,4750.6,34.0,11.6,29.2,0.0
0,Other East Asia,The Challenges of Global Poverty,0.013621399176954723,205.53497942386832,3.316872427983539,32.522633744855966,1.9794238683127572,0.0
0,Other Europe,Circuits & Electronics,0.028237951807228927,692.7884036144578,8.374246987951807,108.09713855421687,3.8501506024096384,0.00677710843373494
0,Other Europe,Electricity & Magnetism,0.015541775456919031,539.4477806788511,6.868146214099217,78.07375979112271,3.68733681462141,0.030026109660574413
0,Other Europe,Elements of structures,0.016382113821138217,432.6016260162602,6.369918699186992,64.59756097560975,2.9471544715447155,0.008130081300813009
0,Other Europe,Health in Numbers,0.05179234972677594,761.6098360655737,7.789071038251366,128.31147540983608,3.9956284153005464,0.0
0,Other Europe,Human Health & Global Environmental  Change,0.0372821846553966,275.4369310793238,4.4850455136540965,33.49024707412224,2.53185955786736,0.0
0,Other Europe,Intro to Biology,0.02849938499384992,603.2275522755227,7.714637146371464,94.15252152521525,3.6457564575645756,0.04920049200492005
0,Other Europe,Intro to CS & Programming,0.024934006211180512,642.7738742236024,7.609277950310559,73.8899456521739,3.5564829192546585,0.017857142857142856
0,Other Europe,Intro to Solid State Chemistry,0.02476190476190473,543.5284178187404,6.775729646697388,80.22427035330261,3.0337941628264207,0.007680491551459293
0,Other Europe,Mechanics ReView,0.18575757575757576,2510.6666666666665,16.21212121212121,7.090909090909091,15.272727272727273,0.0
0,Other Europe,The Challenges of Global Poverty,0.04297362110311759,425.4916067146283,5.314148681055156,44.65707434052758,2.5731414868105515,0.001199040767386091
0,Other Middle East/Central Asia,Circuits & Electronics,0.013994708994708983,361.20899470899474,5.940476190476191,58.402116402116405,3.240740740740741,0.0
0,Other Middle East/Central Asia,Electricity & Magnetism,0.011857410881801119,447.4315196998124,6.386491557223264,71.36585365853658,3.521575984990619,0.01125703564727955
0,Other Middle East/Central Asia,Elements of structures,0.02102040816326531,470.18367346938777,6.959183673469388,58.55102040816327,2.938775510204082,0.0
0,Other Middle East/Central Asia,Health in Numbers,0.04916853932584267,627.991011235955,6.642696629213483,123.02696629213483,3.5640449438202246,0.0
0,Other Middle East/Central Asia,Human Health & Global Environmental  Change,0.030083333333333327,237.90833333333333,4.791666666666667,24.8,2.3541666666666665,0.0
0,Other Middle East/Central Asia,Intro to Biology,0.04165094339622641,581.8066037735849,8.735849056603774,76.80188679245283,3.8773584905660377,0.02358490566037736
0,Other Middle East/Central Asia,Intro to CS & Programming,0.011930501930501962,404.00717043574184,6.1114175399889685,59.790402647545505,3.0910093767236626,0.001654715940430226
0,Other Middle East/Central Asia,Intro to Solid State Chemistry,0.014303797468354428,341.87974683544303,6.0886075949367084,56.17088607594937,2.632911392405063,0.0
0,Other Middle East/Central Asia,Mechanics ReView,0.10666666666666667,2504.1666666666665,10.0,2.6666666666666665,14.5,0.0
0,Other Middle East/Central Asia,The Challenges of Global Poverty,0.039090909090909065,341.89669421487605,5.115702479338843,36.400826446280995,2.446280991735537,0.0
0,"Other North & Central Amer., Caribbean",Circuits & Electronics,0.0393251533742331,557.3680981595093,7.441717791411043,70.42944785276073,3.4662576687116564,0.0
0,"Other North & Central Amer., Caribbean",Electricity & Magnetism,0.006119402985074628,410.3805970149254,6.104477611940299,63.0,3.2313432835820897,0.0
0,"Other North & Central Amer., Caribbean",Elements of structures,0.014285714285714287,338.92857142857144,5.5,52.42857142857143,2.5714285714285716,0.0
0,"Other North & Central Amer., Caribbean",Health in Numbers,0.04703703703703702,962.679012345679,8.88888888888889,205.50617283950618,3.888888888888889,0.0
0,"Other North & Central Amer., Caribbean",Human Health & Global Environmental  Change,0.036037735849056604,238.79245283018867,4.056603773584905,24.971698113207548,2.3207547169811322,0.0
0,"Other North & Central Amer., Caribbean",Intro to Biology,0.016896551724137933,318.2758620689655,5.689655172413793,47.206896551724135,3.0344827586206895,0.0
0,"Other North & Central Amer., Caribbean",Intro to CS & Programming,0.015280289330922202,517.499095840868,6.687160940325497,73.56781193490055,2.972875226039783,0.0108499095840868
0,"Other North & Central Amer., Caribbean",Intro to Solid State Chemistry,0.06511111111111112,513.4666666666667,6.533333333333333,58.24444444444445,3.388888888888889,0.0
0,"Other North & Central Amer., Caribbean",Mechanics ReView,0.0,130.0,1.0,11.0,4.0,0.0
0,"Other North & Central Amer., Caribbean",The Challenges of Global Poverty,0.05703999999999998,512.496,6.912,68.712,2.464,0.0
0,Other Oceania,Circuits & Electronics,0.0,157.125,5.375,11.75,3.0,0.0
0,Other Oceania,Health in Numbers,0.005,184.5,2.0,25.0,2.0,0.0
0,Other Oceania,Human Health & Global Environmental  Change,0.07,304.0,7.0,37.25,3.25,0.0
0,Other Oceania,Intro to CS & Programming,0.02060606060606061,530.7575757575758,7.696969696969697,51.09090909090909,3.4242424242424243,0.0
0,Other Oceania,The Challenges of Global Poverty,0.096,999.4,7.6,74.4,3.0,0.0
0,Other South America,Circuits & Electronics,0.029354207436399188,578.1722113502935,8.062622309197652,91.71819960861056,3.716242661448141,0.011741682974559686
0,Other South America,Electricity & Magnetism,0.016200466200466196,555.6526806526806,7.090909090909091,70.21911421911422,3.554778554778555,0.0
0,Other South America,Elements of structures,0.034356435643564366,516.8118811881188,6.881188118811881,61.91089108910891,3.287128712871287,0.0
0,Other South America,Health in Numbers,0.0329032258064516,627.3322580645162,6.874193548387097,123.02258064516128,3.4838709677419355,0.0
0,Other South America,Human Health & Global Environmental  Change,0.03638418079096045,256.20338983050846,4.248587570621469,31.98870056497175,2.3446327683615817,0.0
0,Other South America,Intro to Biology,0.01594827586206897,407.6810344827586,5.939655172413793,69.65517241379311,2.646551724137931,0.04310344827586207
0,Other South America,Intro to CS & Programming,0.028654743390357815,834.9012441679627,8.101866251944012,162.96500777604976,3.468118195956454,0.04043545878693624
0,Other South America,Intro to Solid State Chemistry,0.02447552447552447,414.68531468531467,5.895104895104895,55.83216783216783,2.5944055944055946,0.0
0,Other South America,Mechanics ReView,0.24833333333333332,3037.1666666666665,19.0,5.0,23.333333333333332,0.0
0,Other South America,The Challenges of Global Poverty,0.0477519379844961,469.8178294573643,6.445736434108527,64.34883720930233,2.39922480620155,0.0
0,Other South Asia,Circuits & Electronics,0.018955613577023495,410.1201044386423,6.590078328981723,65.37859007832898,3.4699738903394257,0.0
0,Other South Asia,Electricity & Magnetism,0.01887372013651876,475.70307167235495,6.808873720136519,79.2320819112628,3.5494880546075085,0.0
0,Other South Asia,Elements of structures,0.0270909090909091,413.1636363636364,7.0,48.78181818181818,3.2,0.0
0,Other South Asia,Health in Numbers,0.042716049382716066,663.5720164609054,7.308641975308642,133.34773662551441,3.759259259259259,0.0
0,Other South Asia,Human Health & Global Environmental  Change,0.03678571428571428,265.62012987012986,5.0941558441558445,33.60064935064935,2.538961038961039,0.0
0,Other South Asia,Intro to Biology,0.016590909090909087,523.9261363636364,6.886363636363637,85.13068181818181,3.102272727272727,0.0
0,Other South Asia,Intro to CS & Programming,0.012657833203429425,414.15666406858924,6.228371005455963,65.12314886983633,3.0904130943102106,0.005455962587685113
0,Other South Asia,Intro to Solid State Chemistry,0.0271523178807947,534.4966887417219,5.569536423841059,53.04635761589404,2.774834437086093,0.0
0,Other South Asia,Mechanics ReView,0.2318181818181818,3077.5454545454545,20.09090909090909,18.545454545454547,20.545454545454547,0.0
0,Other South Asia,The Challenges of Global Poverty,0.030265780730896984,382.7707641196013,5.4784053156146175,57.50498338870432,2.372093023255814,0.0
0,Pakistan,Circuits & Electronics,0.024398249452954025,454.62800875273524,7.100656455142232,38.118161925601754,3.6061269146608317,0.03282275711159737
0,Pakistan,Electricity & Magnetism,0.014274193548387097,579.1532258064516,8.266129032258064,54.185483870967744,3.9274193548387095,0.1532258064516129
0,Pakistan,Elements of structures,0.018333333333333333,724.3333333333334,10.083333333333334,44.166666666666664,3.5833333333333335,0.0
0,Pakistan,Health in Numbers,0.11509803921568626,1083.9607843137255,12.411764705882353,89.50980392156863,5.549019607843137,0.0
0,Pakistan,Human Health & Global Environmental  Change,0.0659090909090909,416.95454545454544,7.909090909090909,19.318181818181817,3.090909090909091,0.0
0,Pakistan,Intro to Biology,0.0505,564.65,6.25,13.65,3.95,0.0
0,Pakistan,Intro to CS & Programming,0.008722466960352426,383.5726872246696,7.506607929515418,37.414096916299556,3.2202643171806167,0.004405286343612335
0,Pakistan,Intro to Solid State Chemistry,0.03434782608695652,518.304347826087,6.869565217391305,25.652173913043477,3.4782608695652173,0.0
0,Pakistan,The Challenges of Global Poverty,0.004545454545454545,137.4090909090909,4.545454545454546,16.5,1.9545454545454546,0.0
0,Philippines,Circuits & Electronics,0.0368148148148148,639.1925925925926,7.933333333333334,82.85185185185185,3.8518518518518516,0.0
0,Philippines,Electricity & Magnetism,0.012407407407407409,415.6666666666667,6.0,68.18518518518519,2.888888888888889,0.0
0,Philippines,Elements of structures,0.03,389.6666666666667,8.333333333333334,37.666666666666664,3.3333333333333335,0.0
0,Philippines,Health in Numbers,0.042732919254658365,621.9192546583851,6.354037267080745,78.96894409937889,3.2422360248447206,0.0
0,Philippines,Human Health & Global Environmental  Change,0.05056962025316454,302.82278481012656,4.120253164556962,30.27848101265823,2.462025316455696,0.0
0,Philippines,Intro to Biology,0.016176470588235296,341.94117647058823,5.705882352941177,36.5,2.676470588235294,0.0
0,Philippines,Intro to CS & Programming,0.011530815109343897,389.63419483101393,5.047713717693837,58.4234592445328,2.658051689860835,0.0
0,Philippines,Intro to Solid State Chemistry,0.03666666666666666,533.1805555555555,6.611111111111111,69.625,2.8194444444444446,0.0
0,Philippines,Mechanics ReView,0.0,85.0,1.0,2.0,7.0,0.0
0,Philippines,The Challenges of Global Poverty,0.028367346938775514,338.3469387755102,5.795918367346939,56.204081632653065,2.142857142857143,0.0
0,Poland,Circuits & Electronics,0.03251833740831292,807.1393643031785,8.47921760391198,142.41564792176038,3.980440097799511,0.0
0,Poland,Electricity & Magnetism,0.026277372262773713,598.6970802919708,7.098540145985401,74.45620437956204,3.9452554744525545,0.0
0,Poland,Elements of structures,0.05575,633.9,8.0,95.375,3.75,0.0
0,Poland,Health in Numbers,0.0724324324324324,1217.7297297297298,9.675675675675675,203.83783783783784,4.081081081081081,0.0
0,Poland,Human Health & Global Environmental  Change,0.033488372093023265,239.27906976744185,4.5813953488372094,26.837209302325583,2.395348837209302,0.0
0,Poland,Intro to Biology,0.034367816091954016,614.7241379310345,8.218390804597702,88.93103448275862,3.781609195402299,0.0
0,Poland,Intro to CS & Programming,0.03374801901743267,703.6299524564184,7.572900158478605,76.31061806656102,3.6489698890649764,0.003961965134706815
0,Poland,Intro to Solid State Chemistry,0.04325000000000001,491.175,4.95,38.4,3.325,0.0
0,Poland,Mechanics ReView,0.165,1851.5,17.5,9.0,15.5,0.0
0,Poland,The Challenges of Global Poverty,0.049,527.05,4.25,44.1,2.5,0.0
0,Portugal,Circuits & Electronics,0.02677777777777777,500.85555555555555,7.711111111111111,67.11111111111111,4.011111111111111,0.0
0,Portugal,Electricity & Magnetism,0.010428571428571428,738.2428571428571,6.585714285714285,96.35714285714286,3.9285714285714284,0.0
0,Portugal,Elements of structures,0.02333333333333333,144.22222222222223,2.4444444444444446,14.88888888888889,2.4444444444444446,0.0
0,Portugal,Health in Numbers,0.04380434782608694,655.9891304347826,6.815217391304348,112.51086956521739,3.2282608695652173,0.0
0,Portugal,Human Health & Global Environmental  Change,0.060625,302.53125,5.0625,22.1875,2.4375,0.0
0,Portugal,Intro to Biology,0.0664516129032258,1074.9354838709678,9.129032258064516,118.93548387096774,4.903225806451613,0.0
0,Portugal,Intro to CS & Programming,0.021976744186046473,604.0988372093024,6.825581395348837,63.31104651162791,3.3401162790697674,0.0
0,Portugal,Intro to Solid State Chemistry,0.006153846153846154,274.38461538461536,5.6923076923076925,58.38461538461539,2.3076923076923075,0.0
0,Portugal,Mechanics ReView,0.42,2978.0,22.0,1.0,25.0,0.0
0,Portugal,The Challenges of Global Poverty,0.023333333333333334,300.1666666666667,3.3333333333333335,36.0,1.8333333333333333,0.0
0,Russian Federation,Circuits & Electronics,0.046028708133971294,986.3173843700159,11.411483253588516,166.91068580542264,4.215311004784689,0.001594896331738437
0,Russian Federation,Electricity & Magnetism,0.02306406685236768,627.6935933147632,8.685236768802229,103.75208913649026,4.016713091922005,0.013927576601671309
0,Russian Federation,Elements of structures,0.0425925925925926,646.0,8.11111111111111,78.33333333333333,2.925925925925926,0.0
0,Russian Federation,Health in Numbers,0.04901960784313724,797.656862745098,9.441176470588236,169.08823529411765,3.2941176470588234,0.0
0,Russian Federation,Human Health & Global Environmental  Change,0.028235294117647063,310.5,5.25,24.38235294117647,2.1176470588235294,0.0
0,Russian Federation,Intro to Biology,0.02489473684210526,635.8842105263158,8.757894736842106,110.48947368421052,3.789473684210526,0.02631578947368421
0,Russian Federation,Intro to CS & Programming,0.0347909967845659,753.6420150053591,9.557877813504824,102.00160771704181,3.6441586280814575,0.013933547695605574
0,Russian Federation,Intro to Solid State Chemistry,0.03426966292134831,618.4325842696629,8.03370786516854,76.74719101123596,3.269662921348315,0.0
0,Russian Federation,Mechanics ReView,0.08,978.0,20.0,18.0,10.0,0.0
0,Russian Federation,The Challenges of Global Poverty,0.04692307692307692,366.46153846153845,6.0,32.46153846153846,2.6923076923076925,0.0
0,Spain,Circuits & Electronics,0.04069377990430619,828.0598086124402,8.483253588516746,116.82775119617224,4.0311004784688995,0.009569377990430622
0,Spain,Electricity & Magnetism,0.04564453125000008,952.6875,9.8671875,105.642578125,4.759765625,0.013671875
0,Spain,Elements of structures,0.050999999999999955,871.0375,8.23125,91.475,3.68125,0.00625
0,Spain,Health in Numbers,0.08651991614255758,992.7023060796646,8.423480083857442,163.9832285115304,4.389937106918239,0.025157232704402517
0,Spain,Human Health & Global Environmental  Change,0.05747422680412369,362.49484536082474,5.170103092783505,40.118556701030926,2.6649484536082473,0.0
0,Spain,Intro to Biology,0.04641221374045801,601.8167938931298,8.106870229007633,71.40458015267176,3.7022900763358777,0.03816793893129771
0,Spain,Intro to CS & Programming,0.03308485329103887,820.0761300555115,8.800158604282316,94.7716098334655,3.769230769230769,0.011102299762093577
0,Spain,Intro to Solid State Chemistry,0.03521739130434782,483.1062801932367,6.130434782608695,69.07729468599034,2.8309178743961354,0.014492753623188406
0,Spain,Mechanics ReView,0.12333333333333334,1252.3333333333333,11.0,4.333333333333333,11.0,0.0
0,Spain,The Challenges of Global Poverty,0.04846590909090906,410.21590909090907,5.096590909090909,45.38636363636363,2.272727272727273,0.0
0,Ukraine,Circuits & Electronics,0.027027027027027018,750.2216216216216,10.356756756756758,123.5027027027027,3.7621621621621624,0.0
0,Ukraine,Electricity & Magnetism,0.02318181818181817,587.2727272727273,7.3106060606060606,101.0530303030303,3.9242424242424243,0.0
0,Ukraine,Health in Numbers,0.10333333333333333,1414.0833333333333,12.63888888888889,203.83333333333334,4.888888888888889,0.0
0,Ukraine,Human Health & Global Environmental  Change,0.07310344827586207,467.58620689655174,8.0,46.86206896551724,3.0,0.0
0,Ukraine,Intro to Biology,0.05652173913043478,1009.3913043478261,12.782608695652174,126.08695652173913,5.782608695652174,0.0
0,Ukraine,Intro to CS & Programming,0.03465675057208246,860.9324942791762,10.540045766590389,110.77574370709382,3.877574370709382,0.0
0,Ukraine,Intro to Solid State Chemistry,0.034545454545454546,462.04545454545456,7.181818181818182,55.13636363636363,2.909090909090909,0.0
0,Ukraine,The Challenges of Global Poverty,0.01,155.25,3.5,29.25,1.75,0.0
0,United Kingdom,Circuits & Electronics,0.01979674796747965,543.4451219512196,7.15650406504065,71.6930894308943,3.4166666666666665,0.02032520325203252
0,United Kingdom,Electricity & Magnetism,0.01160270880361173,447.9367945823928,6.510158013544018,58.74266365688488,3.435665914221219,0.07674943566591422
0,United Kingdom,Elements of structures,0.03344086021505377,703.6344086021505,8.0,71.20430107526882,3.225806451612903,0.0
0,United Kingdom,Health in Numbers,0.0454851752021564,613.1347708894879,6.716981132075472,99.99056603773585,3.7048517520215634,0.006738544474393531
0,United Kingdom,Human Health & Global Environmental  Change,0.03648514851485148,221.69059405940595,4.292079207920792,23.252475247524753,2.245049504950495,0.009900990099009901
0,United Kingdom,Intro to Biology,0.028644067796610155,575.6474576271187,7.555932203389831,80.63050847457627,3.522033898305085,0.05084745762711865
0,United Kingdom,Intro to CS & Programming,0.0234300035803795,635.1654135338346,7.279627640529896,68.43179377013963,3.322950232724669,0.033655567490153956
0,United Kingdom,Intro to Solid State Chemistry,0.02288135593220339,475.89830508474574,6.451977401129944,62.632768361581924,2.8192090395480225,0.01694915254237288
0,United Kingdom,Mechanics ReView,0.2622222222222222,3023.222222222222,24.11111111111111,8.444444444444445,18.555555555555557,0.0
0,United Kingdom,The Challenges of Global Poverty,0.045381750465549334,386.76536312849163,5.309124767225326,39.476722532588454,2.376163873370577,0.0
0,United States,Circuits & Electronics,0.018260365323282145,539.9147579008409,7.662510872716729,78.99449115685707,3.4424470861119163,0.0292838503914178
0,United States,Electricity & Magnetism,0.01023645058448462,464.2531880977683,6.494686503719447,66.94872476089267,3.4319872476089266,0.0475557917109458
0,United States,Elements of structures,0.02550156739811912,475.1786833855799,6.948275862068965,55.23040752351097,2.8150470219435735,0.017241379310344827
0,United States,Health in Numbers,0.03750678119349,698.8248191681736,7.530063291139241,129.04226943942135,3.469484629294756,0.04452983725135624
0,United States,Human Health & Global Environmental  Change,0.03488808664259924,234.885559566787,4.345848375451263,26.568592057761734,2.2700361010830323,0.011191335740072202
0,United States,Intro to Biology,0.020052620039465112,572.1501863626397,7.892128919096689,85.63144047358035,3.417452313089235,0.19864064898048672
0,United States,Intro to CS & Programming,0.019672683775553364,635.16539799913,7.445030448020878,69.5035885167464,3.213190517616355,0.06589821661591996
0,United States,Intro to Solid State Chemistry,0.01680822379507922,417.3640040444894,5.925851027974385,51.042130097741826,2.561509942703067,0.015840916750926862
0,United States,Mechanics ReView,0.1875,2798.282608695652,18.73913043478261,8.869565217391305,17.184782608695652,0.021739130434782608
0,United States,The Challenges of Global Poverty,0.04076708507670862,376.905160390516,5.321896792189679,39.07810320781032,2.2778242677824267,0.03570432357043236
0,Unknown/Other,Circuits & Electronics,0.01660194174757282,340.41747572815535,6.475728155339806,44.42718446601942,3.6990291262135924,0.0
0,Unknown/Other,Electricity & Magnetism,0.006984126984126984,296.6825396825397,4.603174603174603,68.53968253968254,2.7936507936507935,0.0
0,Unknown/Other,Elements of structures,0.0,222.33333333333334,5.0,32.666666666666664,3.6666666666666665,0.0
0,Unknown/Other,Health in Numbers,0.0745238095238095,658.8690476190476,8.785714285714286,107.89285714285714,4.4523809523809526,0.0
0,Unknown/Other,Human Health & Global Environmental  Change,0.024634146341463416,237.53658536585365,4.390243902439025,41.78048780487805,2.317073170731707,0.0
0,Unknown/Other,Intro to Biology,0.08727272727272727,930.3636363636364,11.454545454545455,183.36363636363637,5.454545454545454,0.0
0,Unknown/Other,Intro to CS & Programming,0.025043859649122785,569.4429824561404,8.096491228070175,83.85964912280701,3.5526315789473686,0.0
0,Unknown/Other,Intro to Solid State Chemistry,0.058571428571428566,457.2857142857143,6.571428571428571,46.714285714285715,3.0,0.0
0,Unknown/Other,The Challenges of Global Poverty,0.09307692307692308,630.8717948717949,7.743589743589744,34.46153846153846,3.6923076923076925,0.0
1,Australia,Circuits & Electronics,0.8850000000000001,6568.5,60.75,770.25,17.25,0.0
1,Australia,Electricity & Magnetism,0.91,7823.0,78.5,803.25,18.75,0.0
1,Australia,Health in Numbers,0.9363888888888889,5967.777777777777,42.388888888888886,926.3611111111111,14.805555555555555,0.0
1,Australia,Human Health & Global Environmental  Change,0.7966666666666666,1871.6666666666667,18.555555555555557,234.11111111111111,8.555555555555555,0.0
1,Australia,Intro to Biology,0.748,5699.4,54.0,439.0,16.2,0.0
1,Australia,Intro to CS & Programming,0.8087804878048778,7575.731707317073,68.39024390243902,608.4878048780488,16.975609756097562,0.0
1,Australia,Intro to Solid State Chemistry,0.8525,8363.5,61.5,1346.5,15.5,0.0
1,Australia,Mechanics ReView,0.61,14585.0,63.0,74.0,46.0,0.0
1,Australia,The Challenges of Global Poverty,0.8162068965517242,4153.310344827586,33.51724137931034,368.7586206896552,11.172413793103448,0.0
1,Bangladesh,Circuits & Electronics,0.865,6969.0,78.5,850.0,18.0,0.0
1,Bangladesh,Electricity & Magnetism,0.84,5371.166666666667,50.666666666666664,230.33333333333334,16.833333333333332,0.0
1,Bangladesh,Health in Numbers,0.91,2259.0,30.0,20.0,14.0,0.0
1,Bangladesh,Human Health & Global Environmental  Change,0.53,1987.0,15.0,348.0,5.0,0.0
1,Bangladesh,Intro to CS & Programming,0.777142857142857,7316.142857142857,67.85714285714286,314.2857142857143,17.142857142857142,0.14285714285714285
1,Bangladesh,Mechanics ReView,0.66,8432.0,54.0,2.0,29.0,0.0
1,Bangladesh,The Challenges of Global Poverty,0.7500000000000001,4095.0,37.166666666666664,177.0,10.666666666666666,0.0
1,Brazil,Circuits & Electronics,0.8351020408163267,6080.510204081633,62.46938775510204,783.6326530612245,16.3265306122449,0.3673469387755102
1,Brazil,Electricity & Magnetism,0.7858823529411766,10121.235294117647,81.70588235294117,1260.5882352941176,19.88235294117647,0.23529411764705882
1,Brazil,Elements of structures,0.7799999999999998,6554.95,49.4,445.55,12.4,0.1
1,Brazil,Health in Numbers,0.9222727272727274,7164.136363636364,45.90909090909091,1191.0,14.818181818181818,0.0
1,Brazil,Human Health & Global Environmental  Change,0.7223076923076923,1488.4615384615386,26.53846153846154,130.53846153846155,7.769230769230769,0.0
1,Brazil,Intro to Biology,0.7016666666666667,4771.166666666667,52.333333333333336,527.9444444444445,16.0,0.0
1,Brazil,Intro to CS & Programming,0.7854687499999999,7631.40625,72.9375,622.015625,17.125,0.078125
1,Brazil,Intro to Solid State Chemistry,0.8134210526315792,7566.605263157895,57.36842105263158,1010.3421052631579,15.473684210526315,0.0
1,Brazil,Mechanics ReView,0.8,9817.6,57.8,40.6,37.2,0.0
1,Brazil,The Challenges of Global Poverty,0.758846153846154,5249.653846153846,44.5,459.2692307692308,11.461538461538462,0.0
1,Canada,Circuits & Electronics,0.8806666666666667,9289.0,61.733333333333334,1202.5333333333333,16.8,0.2
1,Canada,Electricity & Magnetism,0.8441666666666668,10246.5,83.66666666666667,1137.5833333333333,19.75,0.25
1,Canada,Elements of structures,0.825,5061.0,51.0,254.5,12.0,0.0
1,Canada,Health in Numbers,0.9191304347826087,7130.478260869565,46.78260869565217,1245.8695652173913,15.08695652173913,0.0
1,Canada,Human Health & Global Environmental  Change,0.7135,1640.95,17.3,223.95,7.4,0.0
1,Canada,Intro to Biology,0.7642857142857142,6345.571428571428,62.142857142857146,610.8571428571429,16.785714285714285,0.14285714285714285
1,Canada,Intro to CS & Programming,0.7615384615384614,8187.282051282052,62.794871794871796,495.9871794871795,16.423076923076923,0.038461538461538464
1,Canada,Intro to Solid State Chemistry,0.79625,7580.875,52.625,794.25,14.875,0.0
1,Canada,Mechanics ReView,0.716,7056.0,42.4,12.2,32.2,0.0
1,Canada,The Challenges of Global Poverty,0.8058333333333333,4982.208333333333,34.541666666666664,405.8541666666667,11.354166666666666,0.0
1,China,Circuits & Electronics,0.66,4132.0,53.333333333333336,412.0,16.666666666666668,0.0
1,China,Electricity & Magnetism,0.92,6298.0,87.0,124.0,20.0,0.0
1,China,Health in Numbers,0.9400000000000001,4749.6,40.4,16.6,15.6,0.0
1,China,Intro to Biology,0.86,3776.0,64.0,29.0,15.0,0.0
1,China,Intro to CS & Programming,0.897142857142857,9634.57142857143,90.14285714285714,956.2857142857143,17.857142857142858,0.0
1,China,Intro to Solid State Chemistry,0.68,5414.0,53.0,299.0,17.0,0.0
1,China,The Challenges of Global Poverty,0.6766666666666667,3447.6666666666665,27.666666666666668,89.33333333333333,9.666666666666666,0.0
1,Colombia,Circuits & Electronics,0.8484615384615387,5858.192307692308,56.96153846153846,611.4615384615385,16.46153846153846,0.15384615384615385
1,Colombia,Electricity & Magnetism,0.8186956521739132,11743.782608695652,80.08695652173913,1637.391304347826,19.956521739130434,0.5652173913043478
1,Colombia,Elements of structures,0.7733333333333334,5464.833333333333,53.833333333333336,470.6666666666667,11.666666666666666,0.0
1,Colombia,Health in Numbers,0.9389285714285714,6518.107142857143,38.25,1230.107142857143,14.464285714285714,0.0
1,Colombia,Human Health & Global Environmental  Change,0.7383333333333333,3567.8333333333335,25.833333333333332,1026.5,7.0,0.0
1,Colombia,Intro to Biology,0.6475,5255.0,49.0,574.25,16.25,0.0
1,Colombia,Intro to CS & Programming,0.7999999999999998,8598.24,68.96,981.44,16.96,0.44
1,Colombia,Intro to Solid State Chemistry,0.79,7561.9,50.0,737.2,15.1,0.0
1,Colombia,Mechanics ReView,0.79,4286.0,30.0,2.0,32.0,0.0
1,Colombia,The Challenges of Global Poverty,0.8048936170212767,5353.36170212766,37.340425531914896,603.8510638297872,11.127659574468085,0.0
1,Egypt,Circuits & Electronics,0.8581818181818182,3342.0,44.54545454545455,262.09090909090907,15.272727272727273,0.0
1,Egypt,Electricity & Magnetism,0.8366666666666668,10194.333333333334,93.0,1072.6666666666667,20.666666666666668,0.0
1,Egypt,Health in Numbers,0.9212195121951219,6800.780487804878,46.41463414634146,1519.0243902439024,14.317073170731707,0.0
1,Egypt,Human Health & Global Environmental  Change,0.6416666666666667,1091.5,15.0,74.83333333333333,6.666666666666667,0.0
1,Egypt,Intro to Biology,0.7471428571428571,6449.714285714285,50.0,1160.142857142857,17.142857142857142,0.0
1,Egypt,Intro to CS & Programming,0.7384615384615386,9963.76923076923,73.38461538461539,1685.2307692307693,16.76923076923077,0.0
1,Egypt,Intro to Solid State Chemistry,0.8066666666666666,6500.666666666667,54.0,709.4444444444445,14.11111111111111,0.0
1,Egypt,The Challenges of Global Poverty,0.62,3753.0,30.0,629.0,9.0,0.0
1,France,Circuits & Electronics,0.8907142857142857,7343.142857142857,55.857142857142854,1118.0714285714287,17.071428571428573,0.0
1,France,Electricity & Magnetism,0.8533333333333334,7830.333333333333,79.33333333333333,761.1666666666666,19.666666666666668,0.0
1,France,Elements of structures,0.68,2779.0,35.0,256.0,13.0,0.0
1,France,Health in Numbers,0.9163157894736842,8457.78947368421,54.1578947368421,1748.1052631578948,15.157894736842104,0.0
1,France,Human Health & Global Environmental  Change,0.715,2254.6666666666665,30.166666666666668,341.8333333333333,7.666666666666667,0.0
1,France,Intro to Biology,0.8292857142857143,4465.285714285715,43.92857142857143,394.7142857142857,15.357142857142858,0.0
1,France,Intro to CS & Programming,0.8675999999999999,8242.04,69.68,856.12,17.12,0.0
1,France,Intro to Solid State Chemistry,0.8899999999999999,8602.0,51.0,556.0,18.0,0.0
1,France,The Challenges of Global Poverty,0.7748936170212767,4516.36170212766,32.02127659574468,540.8085106382979,10.702127659574469,0.0
1,Germany,Circuits & Electronics,0.8665384615384615,7191.115384615385,60.0,1052.076923076923,16.76923076923077,0.0
1,Germany,Electricity & Magnetism,0.8733333333333333,11530.6,73.33333333333333,1650.8,20.0,0.0
1,Germany,Elements of structures,0.738,5822.4,49.4,440.2,11.8,0.0
1,Germany,Health in Numbers,0.9423809523809523,7446.023809523809,45.57142857142857,1311.642857142857,14.976190476190476,0.0
1,Germany,Human Health & Global Environmental  Change,0.7338709677419356,2076.451612903226,20.903225806451612,261.83870967741933,7.709677419354839,0.0
1,Germany,Intro to Biology,0.7387499999999999,6090.5,51.5625,765.0,17.1875,0.0625
1,Germany,Intro to CS & Programming,0.8267058823529413,8029.129411764706,69.21176470588236,574.2705882352941,17.341176470588234,0.058823529411764705
1,Germany,Intro to Solid State Chemistry,0.8258333333333335,6658.0,44.916666666666664,625.4166666666666,14.166666666666666,0.0
1,Germany,Mechanics ReView,0.71,5293.0,27.0,4.5,30.0,0.0
1,Germany,The Challenges of Global Poverty,0.8140697674418603,4570.430232558139,32.872093023255815,397.8720930232558,11.011627906976743,0.0
1,Greece,Circuits & Electronics,0.9433333333333334,9910.0,80.91666666666667,1857.4166666666667,17.416666666666668,0.0
1,Greece,Electricity & Magnetism,0.8995,11687.45,91.8,1552.7,20.2,0.2
1,Greece,Elements of structures,0.765,2197.5,34.5,177.5,11.5,0.0
1,Greece,Health in Numbers,0.94,10086.875,54.5,1944.625,14.5,0.0
1,Greece,Human Health & Global Environmental  Change,0.7641666666666668,2227.9166666666665,27.916666666666668,363.25,8.916666666666666,0.0
1,Greece,Intro to Biology,0.7533333333333334,5476.666666666667,42.666666666666664,627.5,15.666666666666666,0.0
1,Greece,Intro to CS & Programming,0.8568518518518519,8915.24074074074,71.94444444444444,731.3333333333334,17.09259259259259,0.05555555555555555
1,Greece,Intro to Solid State Chemistry,0.88,8982.833333333334,62.166666666666664,616.1666666666666,16.666666666666668,0.0
1,Greece,Mechanics ReView,0.8,7937.0,45.0,3.0,29.0,0.0
1,Greece,The Challenges of Global Poverty,0.7183333333333333,5566.833333333333,36.166666666666664,356.8333333333333,11.166666666666666,0.0
1,India,Circuits & Electronics,0.8652716297786739,4135.654929577465,43.45171026156942,397.35714285714283,15.519114688128772,0.2776659959758551
1,India,Electricity & Magnetism,0.7733116883116878,7070.363636363636,61.6948051948052,524.7337662337662,18.564935064935064,0.37012987012987014
1,India,Elements of structures,0.7860344827586208,3983.344827586207,41.689655172413794,307.87931034482756,11.706896551724139,0.20689655172413793
1,India,Health in Numbers,0.9334441805225668,4866.513064133017,37.12351543942993,623.8218527315914,14.038004750593824,0.22802850356294538
1,India,Human Health & Global Environmental  Change,0.7933695652173914,1274.5978260869565,17.152173913043477,96.90217391304348,7.673913043478261,0.0
1,India,Intro to Biology,0.73,4604.881578947368,41.51315789473684,534.0131578947369,15.0,0.40789473684210525
1,India,Intro to CS & Programming,0.7890672451193058,6066.581344902386,58.40130151843818,381.79175704989154,16.407809110629067,0.7440347071583514
1,India,Intro to Solid State Chemistry,0.8510619469026546,4164.769911504425,38.0353982300885,195.5929203539823,14.274336283185841,0.035398230088495575
1,India,Mechanics ReView,0.7306818181818183,6698.113636363636,32.45454545454545,12.295454545454545,32.68181818181818,0.5
1,India,The Challenges of Global Poverty,0.7581564245810052,4020.217877094972,31.8268156424581,332.6927374301676,10.983240223463687,0.0782122905027933
1,Indonesia,Circuits & Electronics,0.7999999999999999,6549.333333333333,76.33333333333333,437.0,18.0,0.0
1,Indonesia,Electricity & Magnetism,0.8,9456.0,106.0,214.0,21.0,0.0
1,Indonesia,Health in Numbers,0.8836363636363637,5440.181818181818,44.27272727272727,399.6363636363636,14.909090909090908,0.0
1,Indonesia,Human Health & Global Environmental  Change,0.7733333333333332,1596.4444444444443,17.11111111111111,141.66666666666666,7.333333333333333,0.0
1,Indonesia,Intro to Biology,0.69,7780.0,76.0,589.0,17.0,0.0
1,Indonesia,Intro to CS & Programming,0.7229545454545455,3852.7045454545455,34.70454545454545,108.31818181818181,15.068181818181818,0.0
1,Indonesia,Mechanics ReView,0.875,8709.0,40.5,63.0,35.5,0.0
1,Indonesia,The Challenges of Global Poverty,0.7408333333333331,4164.166666666667,33.0,406.5,10.583333333333334,0.0
1,Japan,Circuits & Electronics,0.94,9084.5,65.0,1461.5,17.5,0.0
1,Japan,Electricity & Magnetism,0.8925,11764.75,83.5,937.25,20.0,0.0
1,Japan,Elements of structures,0.76,10187.0,66.5,373.0,13.0,0.0
1,Japan,Health in Numbers,0.945,5935.75,37.75,1128.0,15.5,0.0
1,Japan,Human Health & Global Environmental  Change,0.52,1227.0,23.0,70.0,6.0,0.0
1,Japan,Intro to Biology,0.7599999999999999,4328.25,54.0,293.25,16.25,0.0
1,Japan,Intro to CS & Programming,0.78,4349.25,62.0,280.75,17.25,0.0
1,Japan,Mechanics ReView,0.78,8551.0,49.0,63.0,43.0,0.0
1,Japan,The Challenges of Global Poverty,0.7399999999999999,4444.0,21.333333333333332,401.0,11.0,0.0
1,Mexico,Circuits & Electronics,0.9027272727272728,5124.227272727273,53.90909090909091,568.8636363636364,16.454545454545453,0.09090909090909091
1,Mexico,Electricity & Magnetism,0.7881818181818183,11603.0,83.9090909090909,1729.4545454545455,19.181818181818183,2.1818181818181817
1,Mexico,Elements of structures,0.9450000000000001,2974.5,23.5,44.0,11.5,0.0
1,Mexico,Health in Numbers,0.9071428571428573,5594.428571428572,46.285714285714285,838.7142857142857,14.857142857142858,0.0
1,Mexico,Human Health & Global Environmental  Change,0.7140000000000001,3268.0,36.4,779.4,7.9,0.0
1,Mexico,Intro to Biology,0.7212500000000001,5983.25,38.25,752.125,14.875,0.0
1,Mexico,Intro to CS & Programming,0.7729729729729732,7310.378378378378,65.32432432432432,525.6216216216217,16.486486486486488,0.21621621621621623
1,Mexico,Intro to Solid State Chemistry,0.8321428571428571,8229.714285714286,54.285714285714285,1580.9285714285713,15.0,0.0
1,Mexico,Mechanics ReView,0.77,7167.0,55.0,17.0,33.0,0.0
1,Mexico,The Challenges of Global Poverty,0.7949999999999998,5000.25,39.875,531.21875,11.5,0.0
1,Morocco,Circuits & Electronics,0.8499999999999999,5594.25,59.625,1092.875,16.625,0.0
1,Morocco,Electricity & Magnetism,0.6966666666666667,6435.333333333333,67.0,760.3333333333334,19.0,0.0
1,Morocco,Elements of structures,0.63,3518.0,54.0,435.0,12.0,0.0
1,Morocco,Human Health & Global Environmental  Change,0.65,2545.0,24.0,100.0,10.0,0.0
1,Morocco,Intro to CS & Programming,0.7625,7022.75,64.25,413.5,17.25,0.0
1,Morocco,Intro to Solid State Chemistry,0.84,4240.0,35.0,153.0,17.0,0.0
1,Nigeria,Circuits & Electronics,0.7050000000000001,5943.0,60.5,676.5,16.5,0.0
1,Nigeria,Health in Numbers,0.9127906976744184,3627.4418604651164,35.16279069767442,660.3953488372093,13.953488372093023,0.0
1,Nigeria,Human Health & Global Environmental  Change,0.7916216216216216,1380.837837837838,15.675675675675675,89.24324324324324,7.351351351351352,0.0
1,Nigeria,Intro to CS & Programming,0.85,4395.0,42.0,276.0,18.0,0.0
1,Nigeria,Intro to Solid State Chemistry,0.7666666666666666,6663.166666666667,45.5,775.6666666666666,14.666666666666666,0.0
1,Nigeria,The Challenges of Global Poverty,0.7214285714285714,5101.642857142857,40.32142857142857,427.39285714285717,11.357142857142858,0.0
1,Other Africa,Circuits & Electronics,0.7893333333333336,7176.833333333333,65.53333333333333,990.1666666666666,17.466666666666665,0.13333333333333333
1,Other Africa,Electricity & Magnetism,0.7563636363636363,8290.363636363636,81.81818181818181,699.0909090909091,19.363636363636363,0.0
1,Other Africa,Elements of structures,0.67,7845.0,54.0,1502.0,13.0,0.0
1,Other Africa,Health in Numbers,0.9305092592592584,5387.50462962963,40.476851851851855,1045.0787037037037,14.231481481481481,0.16203703703703703
1,Other Africa,Human Health & Global Environmental  Change,0.7387499999999999,1880.5,21.4,257.75,7.475,0.0
1,Other Africa,Intro to Biology,0.7142857142857143,6355.428571428572,59.142857142857146,824.1428571428571,14.428571428571429,0.0
1,Other Africa,Intro to CS & Programming,0.7846511627906976,6771.837209302325,66.20930232558139,474.51162790697674,16.372093023255815,0.09302325581395349
1,Other Africa,Intro to Solid State Chemistry,0.8137499999999999,5542.25,41.375,387.375,14.125,0.0
1,Other Africa,Mechanics ReView,0.755,10405.5,38.5,43.5,41.5,0.0
1,Other Africa,The Challenges of Global Poverty,0.7677419354838709,4843.903225806452,34.75806451612903,504.93548387096774,11.10483870967742,0.04032258064516129
1,Other East Asia,Circuits & Electronics,0.9025,8368.25,77.0,1564.0,16.875,0.0
1,Other East Asia,Electricity & Magnetism,0.79,9596.0,85.0,1668.5,19.0,0.0
1,Other East Asia,Health in Numbers,0.93,7677.0,51.0,1087.0,16.0,0.0
1,Other East Asia,Human Health & Global Environmental  Change,0.7369999999999999,2105.4,25.0,268.6,8.4,0.0
1,Other East Asia,Intro to Biology,0.8200000000000001,7026.571428571428,57.285714285714285,966.4285714285714,17.428571428571427,0.0
1,Other East Asia,Intro to CS & Programming,0.8344444444444443,9339.888888888889,79.66666666666667,978.1666666666666,17.61111111111111,0.0
1,Other East Asia,Intro to Solid State Chemistry,0.935,8959.0,53.0,1628.5,17.0,0.0
1,Other East Asia,The Challenges of Global Poverty,0.7876470588235294,5036.823529411765,41.23529411764706,444.11764705882354,11.588235294117647,0.0
1,Other Europe,Circuits & Electronics,0.8807499999999996,7132.8,62.15,1026.56875,16.8,0.0375
1,Other Europe,Electricity & Magnetism,0.8477586206896545,10668.034482758621,83.89655172413794,1254.3706896551723,19.79310344827586,0.49137931034482757
1,Other Europe,Elements of structures,0.8211111111111109,6112.555555555556,47.888888888888886,416.44444444444446,11.777777777777779,0.1111111111111111
1,Other Europe,Health in Numbers,0.935241935483871,8216.411290322581,50.806451612903224,1585.8225806451612,15.25,0.0
1,Other Europe,Human Health & Global Environmental  Change,0.7291999999999997,2031.64,24.88,244.86,8.06,0.0
1,Other Europe,Intro to Biology,0.7640000000000002,6280.826086956522,56.278260869565216,812.8869565217391,16.88695652173913,0.5826086956521739
1,Other Europe,Intro to CS & Programming,0.82156186612576,8443.750507099392,71.3184584178499,684.7281947261663,17.070993914807303,0.2434077079107505
1,Other Europe,Intro to Solid State Chemistry,0.8497260273972603,8239.164383561643,56.397260273972606,980.027397260274,15.36986301369863,0.0684931506849315
1,Other Europe,Mechanics ReView,0.7995652173913043,8479.130434782608,49.47826086956522,26.652173913043477,33.608695652173914,0.0
1,Other Europe,The Challenges of Global Poverty,0.8115207373271888,5400.52534562212,38.72811059907834,479.51612903225805,11.451612903225806,0.02304147465437788
1,Other Middle East/Central Asia,Circuits & Electronics,0.8695833333333335,4177.479166666667,46.270833333333336,543.9791666666666,15.083333333333334,0.0
1,Other Middle East/Central Asia,Electricity & Magnetism,0.8140000000000001,8560.0,66.8,902.4,19.8,0.6
1,Other Middle East/Central Asia,Elements of structures,0.69,14260.0,95.0,1074.0,13.0,0.0
1,Other Middle East/Central Asia,Health in Numbers,0.9131249999999997,5904.59375,40.34375,1205.0625,14.28125,0.0
1,Other Middle East/Central Asia,Human Health & Global Environmental  Change,0.7638888888888888,1879.2222222222222,19.0,271.44444444444446,8.11111111111111,0.0
1,Other Middle East/Central Asia,Intro to Biology,0.7222222222222221,6333.444444444444,49.666666666666664,767.0,16.11111111111111,0.2222222222222222
1,Other Middle East/Central Asia,Intro to CS & Programming,0.7891304347826086,6916.413043478261,69.8913043478261,387.7173913043478,16.652173913043477,0.10869565217391304
1,Other Middle East/Central Asia,Intro to Solid State Chemistry,0.8106666666666665,6619.533333333334,55.0,595.2666666666667,16.066666666666666,0.0
1,Other Middle East/Central Asia,Mechanics ReView,0.635,7886.0,42.25,8.5,31.0,0.0
1,Other Middle East/Central Asia,The Challenges of Global Poverty,0.7656756756756757,4477.864864864865,35.972972972972975,427.3243243243243,11.108108108108109,0.0
1,"Other North & Central Amer., Caribbean",Circuits & Electronics,0.9031578947368419,4713.078947368421,44.86842105263158,496.10526315789474,15.210526315789474,0.0
1,"Other North & Central Amer., Caribbean",Electricity & Magnetism,0.7412500000000001,9852.75,68.375,1003.625,19.25,0.0
1,"Other North & Central Amer., Caribbean",Elements of structures,0.99,7178.0,79.0,431.0,13.0,0.0
1,"Other North & Central Amer., Caribbean",Health in Numbers,0.8880000000000001,6016.2,44.4,1057.2,14.6,0.0
1,"Other North & Central Amer., Caribbean",Human Health & Global Environmental  Change,0.7722222222222223,805.3333333333334,15.333333333333334,31.555555555555557,5.888888888888889,0.0
1,"Other North & Central Amer., Caribbean",Intro to Biology,0.6900000000000001,4763.0,51.5,238.0,16.0,0.0
1,"Other North & Central Amer., Caribbean",Intro to CS & Programming,0.7544444444444445,6416.777777777777,59.27777777777778,521.5555555555555,16.444444444444443,0.0
1,"Other North & Central Amer., Caribbean",Intro to Solid State Chemistry,0.9189473684210525,3460.3947368421054,31.394736842105264,217.3684210526316,13.157894736842104,0.0
1,"Other North & Central Amer., Caribbean",The Challenges of Global Poverty,0.7842857142857144,5161.714285714285,39.714285714285715,472.2857142857143,10.785714285714286,0.0
1,Other Oceania,Circuits & Electronics,0.73,8915.0,67.0,3496.0,16.0,0.0
1,Other Oceania,Human Health & Global Environmental  Change,0.5,1503.0,19.0,192.0,7.0,0.0
1,Other Oceania,Intro to CS & Programming,0.57,4900.0,45.0,444.0,18.0,0.0
1,Other South America,Circuits & Electronics,0.8521052631578946,5642.184210526316,55.36842105263158,835.4736842105264,16.342105263157894,0.2894736842105263
1,Other South America,Electricity & Magnetism,0.7976470588235294,8937.64705882353,75.94117647058823,1055.235294117647,19.176470588235293,0.0
1,Other South America,Elements of structures,0.8057142857142855,7501.0,48.0,725.8571428571429,12.285714285714286,0.0
1,Other South America,Health in Numbers,0.9309677419354838,6007.129032258064,39.935483870967744,1020.0967741935484,14.516129032258064,0.0
1,Other South America,Human Health & Global Environmental  Change,0.8250000000000001,2004.0,27.833333333333332,448.5,8.666666666666666,0.0
1,Other South America,Intro to Biology,0.8385714285714286,4401.142857142857,51.857142857142854,312.85714285714283,16.571428571428573,0.14285714285714285
1,Other South America,Intro to CS & Programming,0.8264556962025321,7401.7594936708865,60.25316455696203,527.7721518987341,16.126582278481013,0.2911392405063291
1,Other South America,Intro to Solid State Chemistry,0.8845454545454546,6830.636363636364,46.81818181818182,745.3636363636364,14.454545454545455,0.0
1,Other South America,Mechanics ReView,0.8583333333333334,10400.333333333334,53.166666666666664,28.833333333333332,40.666666666666664,0.0
1,Other South America,The Challenges of Global Poverty,0.7875000000000002,5472.520833333333,38.166666666666664,633.6666666666666,11.25,0.0
1,Other South Asia,Circuits & Electronics,0.8229032258064515,4371.419354838709,51.45161290322581,433.64516129032256,15.548387096774194,0.0
1,Other South Asia,Electricity & Magnetism,0.8890909090909092,11026.181818181818,88.63636363636364,1379.909090909091,20.181818181818183,0.0
1,Other South Asia,Elements of structures,0.794,5413.6,62.8,421.6,12.2,0.0
1,Other South Asia,Health in Numbers,0.9154999999999998,6917.25,45.5,1281.9,14.575,0.0
1,Other South Asia,Human Health & Global Environmental  Change,0.7299999999999998,1315.1851851851852,15.444444444444445,144.8148148148148,7.111111111111111,0.0
1,Other South Asia,Intro to Biology,0.7718181818181818,4469.181818181818,51.81818181818182,355.6363636363636,15.363636363636363,0.0
1,Other South Asia,Intro to CS & Programming,0.7814583333333336,7282.25,69.47916666666667,725.5,16.708333333333332,0.041666666666666664
1,Other South Asia,Intro to Solid State Chemistry,0.8091666666666665,7126.833333333333,58.25,985.25,14.916666666666666,0.0
1,Other South Asia,Mechanics ReView,0.7288235294117646,6353.470588235294,34.470588235294116,13.117647058823529,30.294117647058822,0.0
1,Other South Asia,The Challenges of Global Poverty,0.8083018867924527,4270.641509433963,34.39622641509434,431.75471698113205,10.943396226415095,0.0
1,Pakistan,Circuits & Electronics,0.8698039215686276,3495.0,44.80392156862745,114.88235294117646,15.450980392156863,0.29411764705882354
1,Pakistan,Electricity & Magnetism,0.8600000000000001,7358.5,78.25,34.75,19.25,0.25
1,Pakistan,Elements of structures,0.61,927.0,44.0,27.0,10.0,0.0
1,Pakistan,Health in Numbers,0.9,4386.75,36.125,77.875,14.0,0.0
1,Pakistan,Intro to Biology,0.6779999999999999,3775.0,44.4,34.6,14.6,0.0
1,Pakistan,Intro to CS & Programming,0.752,4591.4,56.2,75.2,17.0,0.0
1,Pakistan,Intro to Solid State Chemistry,0.96,5844.0,55.0,65.0,16.0,0.0
1,Pakistan,The Challenges of Global Poverty,0.6799999999999998,3910.1666666666665,30.5,17.833333333333332,11.166666666666666,0.0
1,Philippines,Circuits & Electronics,0.865,3741.8,37.8,254.3,16.0,0.0
1,Philippines,Electricity & Magnetism,0.645,6699.0,53.5,588.0,20.5,0.0
1,Philippines,Health in Numbers,0.901,5590.6,41.5,517.0,14.0,0.0
1,Philippines,Human Health & Global Environmental  Change,0.6242857142857143,1353.7142857142858,20.0,89.57142857142857,7.0,0.0
1,Philippines,Intro to Biology,0.72,5147.0,48.0,720.0,16.5,0.0
1,Philippines,Intro to CS & Programming,0.7990909090909092,8242.727272727272,77.0909090909091,618.0,17.545454545454547,0.0
1,Philippines,Intro to Solid State Chemistry,0.852,4042.8,28.4,172.2,13.0,0.0
1,Philippines,The Challenges of Global Poverty,0.86,4345.0,68.0,252.0,12.0,0.0
1,Poland,Circuits & Electronics,0.8168965517241379,6457.781609195402,53.12643678160919,989.9770114942529,16.448275862068964,0.0
1,Poland,Electricity & Magnetism,0.8595999999999999,11791.52,80.68,1856.28,19.64,0.0
1,Poland,Elements of structures,0.7599999999999999,3478.5,44.333333333333336,215.83333333333334,11.5,0.0
1,Poland,Health in Numbers,0.9222222222222223,9154.333333333334,58.77777777777778,2020.3333333333333,15.444444444444445,0.0
1,Poland,Human Health & Global Environmental  Change,0.8466666666666667,1331.0,23.666666666666668,70.66666666666667,8.0,0.0
1,Poland,Intro to Biology,0.7705263157894737,6715.894736842105,51.578947368421055,1026.3684210526317,17.05263157894737,0.0
1,Poland,Intro to CS & Programming,0.8107425742574261,8450.425742574258,68.29702970297029,646.049504950495,17.0,0.019801980198019802
1,Poland,Intro to Solid State Chemistry,0.8827777777777778,8105.555555555556,52.333333333333336,908.0,16.333333333333332,0.0
1,Poland,Mechanics ReView,0.92,9402.0,49.0,32.0,36.0,0.0
1,Poland,The Challenges of Global Poverty,0.7266666666666666,3432.3333333333335,36.333333333333336,184.66666666666666,9.666666666666666,0.0
1,Portugal,Circuits & Electronics,0.8892857142857143,6627.142857142857,57.642857142857146,1081.357142857143,16.357142857142858,0.0
1,Portugal,Electricity & Magnetism,0.8175,10595.5,70.0,1744.25,19.75,0.0
1,Portugal,Elements of structures,1.0,4057.0,42.0,326.0,13.0,0.0
1,Portugal,Health in Numbers,0.9462962962962963,7847.111111111111,48.333333333333336,1802.9259259259259,15.11111111111111,0.0
1,Portugal,Human Health & Global Environmental  Change,0.7116666666666668,2046.0,18.666666666666668,291.5,8.0,0.0
1,Portugal,Intro to Biology,0.7057142857142857,4737.285714285715,48.857142857142854,436.7142857142857,15.714285714285714,0.0
1,Portugal,Intro to CS & Programming,0.81,8655.16,69.52,597.6,17.0,0.0
1,Portugal,Intro to Solid State Chemistry,0.9366666666666666,4695.333333333333,52.0,233.33333333333334,16.666666666666668,0.0
1,Portugal,The Challenges of Global Poverty,0.77,4049.0,45.5,481.0,10.5,0.0
1,Russian Federation,Circuits & Electronics,0.9060139860139854,7906.1398601398605,67.65034965034965,1348.944055944056,16.74125874125874,0.027972027972027972
1,Russian Federation,Electricity & Magnetism,0.859090909090909,9835.727272727272,80.70454545454545,1196.9318181818182,19.477272727272727,0.09090909090909091
1,Russian Federation,Elements of structures,0.8516666666666666,7340.0,54.333333333333336,867.0,13.0,0.0
1,Russian Federation,Health in Numbers,0.9400000000000001,8706.333333333334,55.333333333333336,1788.0,16.0,0.0
1,Russian Federation,Human Health & Global Environmental  Change,0.865,1937.0,27.0,473.0,10.0,0.0
1,Russian Federation,Intro to Biology,0.7878787878787877,6136.818181818182,65.60606060606061,727.6363636363636,17.272727272727273,0.12121212121212122
1,Russian Federation,Intro to CS & Programming,0.8345054945054948,8689.593406593407,77.35164835164835,825.8461538461538,17.047619047619047,0.1978021978021978
1,Russian Federation,Intro to Solid State Chemistry,0.8765217391304346,7994.652173913043,54.93478260869565,877.2391304347826,15.08695652173913,0.0
1,Russian Federation,Mechanics ReView,0.7466666666666666,10281.0,74.33333333333333,82.33333333333333,38.0,0.0
1,Russian Federation,The Challenges of Global Poverty,0.7666666666666666,5759.333333333333,46.0,1072.3333333333333,10.666666666666666,0.0
1,Spain,Circuits & Electronics,0.8856250000000001,7105.05,57.325,1221.4875,16.425,0.075
1,Spain,Electricity & Magnetism,0.8117460317460317,9731.460317460318,75.71428571428571,958.1428571428571,19.206349206349206,0.047619047619047616
1,Spain,Elements of structures,0.8059999999999999,5082.2,45.8,427.34285714285716,12.028571428571428,0.14285714285714285
1,Spain,Health in Numbers,0.9389655172413793,7267.820689655173,45.282758620689656,1186.0068965517241,14.648275862068965,0.020689655172413793
1,Spain,Human Health & Global Environmental  Change,0.7652,1790.84,21.92,202.2,7.84,0.0
1,Spain,Intro to Biology,0.7412903225806453,5549.806451612903,48.67741935483871,555.0645161290323,15.35483870967742,0.03225806451612903
1,Spain,Intro to CS & Programming,0.8163720930232552,8357.153488372092,69.95348837209302,606.9302325581396,17.01860465116279,0.15348837209302327
1,Spain,Intro to Solid State Chemistry,0.8768354430379747,8064.594936708861,47.936708860759495,935.3417721518987,14.772151898734178,0.012658227848101266
1,Spain,Mechanics ReView,0.8449999999999999,9431.666666666666,44.5,61.0,37.833333333333336,0.0
1,Spain,The Challenges of Global Poverty,0.7880701754385965,5371.894736842105,40.07017543859649,464.0701754385965,11.12280701754386,0.0
1,Ukraine,Circuits & Electronics,0.9453571428571429,7988.571428571428,62.964285714285715,1121.4285714285713,16.892857142857142,0.0
1,Ukraine,Electricity & Magnetism,0.8975,10986.833333333334,86.91666666666667,1560.25,19.583333333333332,0.0
1,Ukraine,Human Health & Global Environmental  Change,0.74,1925.5,26.5,355.0,9.5,0.0
1,Ukraine,Intro to Biology,0.8999999999999999,8907.5,64.75,1657.75,17.0,0.0
1,Ukraine,Intro to CS & Programming,0.8278431372549022,8189.901960784314,72.66666666666667,681.6078431372549,16.725490196078432,0.0
1,Ukraine,Intro to Solid State Chemistry,0.8674999999999999,10395.25,59.75,1378.25,15.5,0.0
1,Ukraine,The Challenges of Global Poverty,0.6000000000000001,6195.5,46.0,418.0,11.5,0.0
1,United Kingdom,Circuits & Electronics,0.8536111111111111,5899.75,56.333333333333336,758.0833333333334,16.916666666666668,0.08333333333333333
1,United Kingdom,Electricity & Magnetism,0.8567741935483869,10831.806451612903,83.12903225806451,1070.225806451613,19.677419354838708,0.3870967741935484
1,United Kingdom,Elements of structures,0.8250000000000001,4865.166666666667,43.166666666666664,238.5,12.666666666666666,0.0
1,United Kingdom,Health in Numbers,0.9190476190476192,7261.785714285715,46.726190476190474,1283.7380952380952,15.0,0.011904761904761904
1,United Kingdom,Human Health & Global Environmental  Change,0.7296774193548389,1923.774193548387,22.967741935483872,201.4516129032258,8.193548387096774,0.03225806451612903
1,United Kingdom,Intro to Biology,0.7741379310344827,6133.0344827586205,58.13793103448276,718.3448275862069,17.17241379310345,0.3448275862068966
1,United Kingdom,Intro to CS & Programming,0.8031840796019898,8372.10447761194,72.27860696517413,581.4228855721393,17.049751243781095,0.4129353233830846
1,United Kingdom,Intro to Solid State Chemistry,0.8476785714285713,8751.714285714286,59.660714285714285,897.2857142857143,15.410714285714286,0.08928571428571429
1,United Kingdom,Mechanics ReView,0.89,8173.0,37.666666666666664,4.0,36.333333333333336,0.0
1,United Kingdom,The Challenges of Global Poverty,0.8138461538461542,4707.092307692307,33.684615384615384,435.94615384615383,11.2,0.0
1,United States,Circuits & Electronics,0.871148936170213,7538.548936170213,66.8468085106383,951.7872340425532,17.161702127659574,0.37872340425531914
1,United States,Electricity & Magnetism,0.8540331491712709,10361.618784530387,85.09944751381215,1163.3093922651933,19.7292817679558,0.9171270718232044
1,United States,Elements of structures,0.8535714285714284,6485.0,58.5,544.9761904761905,12.5,0.2619047619047619
1,United States,Health in Numbers,0.9202312138728325,6665.50289017341,46.043352601156066,1042.5549132947976,14.8121387283237,0.10982658959537572
1,United States,Human Health & Global Environmental  Change,0.7424581005586589,1928.826815642458,24.22905027932961,250.9050279329609,8.139664804469273,0.1340782122905028
1,United States,Intro to Biology,0.767020648967552,6444.082595870206,57.38053097345133,737.52802359882,16.722713864306783,0.8967551622418879
1,United States,Intro to CS & Programming,0.7894807892004158,8601.207684319834,69.3073727933541,579.8753894080996,16.90238836967809,0.8951194184839044
1,United States,Intro to Solid State Chemistry,0.8292499999999998,9267.7625,59.1125,1045.39375,15.5875,0.25
1,United States,Mechanics ReView,0.7984705882352938,8220.235294117647,48.49411764705882,24.6,34.4,0.29411764705882354
1,United States,The Challenges of Global Poverty,0.7903049555273183,4853.133418043202,35.489199491740784,415.18424396442185,10.966963151207116,0.204574332909784
1,Unknown/Other,Circuits & Electronics,0.8485714285714285,1953.0,27.857142857142858,89.0,13.714285714285714,0.0
1,Unknown/Other,Electricity & Magnetism,0.615,10057.0,90.5,1138.5,20.5,0.0
1,Unknown/Other,Health in Numbers,0.9422222222222221,5335.222222222223,45.888888888888886,1002.3333333333334,14.444444444444445,0.0
1,Unknown/Other,Human Health & Global Environmental  Change,0.6866666666666665,1634.6666666666667,21.0,107.66666666666667,7.666666666666667,0.0
1,Unknown/Other,Intro to Biology,0.8049999999999999,5360.5,46.5,327.0,18.0,0.0
1,Unknown/Other,Intro to CS & Programming,0.81,3223.0,22.5,316.5,12.5,0.0
1,Unknown/Other,The Challenges of Global Poverty,0.7462500000000001,3138.875,24.25,305.125,10.625,0.0
